{
    "Servers": {
        "1": {
            "Name": "minimoneymanymotest",
            "Group": "Servers",
            "Host": "j11b105.p.ssafy.io",
            "Port": 5555,
            "MaintenanceDB": "postgres",
            "Username": "mmmm",
            "SharedUsername": "mmmm",
            "UseSSHTunnel": 0,
            "TunnelPort": "22",
            "TunnelAuthentication": 0,
            "KerberosAuthentication": false,
            "ConnectionParameters": {
                "sslmode": "prefer",
                "connect_timeout": 10
            }
        }
    }
}